date,production_kwh,consumption_kwh,autoconsumption_kwh,surplus_kwh,deficit_kwh,autoconsumption_rate,autoproduction_rate
2024-04-13,953.855773140546,810.4733864708935,810.4733864708935,143.38238666965253,0.0,0.8496812718367582,1.0
2024-04-14,1074.247901286265,787.436762788016,787.436762788016,286.81113849824897,0.0,0.7330121491000059,1.0
2024-04-15,1058.1400401265826,755.9321725683611,755.9321725683611,302.20786755822144,0.0,0.714397096699914,1.0
2024-04-16,1053.57809794789,739.3275321396154,739.3275321396154,314.2505658082746,0.0,0.7017301646452626,1.0
2024-04-17,1133.601636805264,764.1664481755691,764.1664481755691,369.43518862969484,0.0,0.6741049266029259,1.0
2024-04-18,1018.6495795905284,779.3096161999739,779.3096161999739,239.33996339055454,0.0,0.7650419062787389,1.0
2024-04-19,1098.532481062572,723.8976293172238,723.8976293172238,374.6348517453482,0.0,0.6589678883386525,1.0
2024-04-20,1107.3547132824983,781.4115292371996,781.4115292371996,325.9431840452987,0.0,0.7056560286097351,1.0
2024-04-21,1136.1865611342246,744.9808918651119,744.9808918651119,391.2056692691127,0.0,0.6556853578002343,1.0
2024-04-22,1027.1520646485374,806.5040361351843,806.5040361351843,220.6480285133531,0.0,0.7851846517108909,1.0
2024-04-23,1184.5852796885406,764.7720289678606,764.7720289678606,419.81325072068,0.0,0.6456031845752294,1.0
2024-04-24,1127.1207528558111,706.1563728056752,706.1563728056752,420.9643800501359,0.0,0.6265135044461483,1.0
2024-04-25,1071.122394962893,755.1550755952662,755.1550755952662,315.9673193676267,0.0,0.7050128716816039,1.0
2024-04-26,1178.1706175888337,737.2468692354356,737.2468692354356,440.9237483533981,0.0,0.6257556063859718,1.0
2024-04-27,1209.1028382611055,706.8793372831484,706.8793372831484,502.2235009779571,0.0,0.5846312777660505,1.0
2024-04-28,1210.2025317389405,718.5421047122993,718.5421047122993,491.6604270266412,0.0,0.5937370695133366,1.0
2024-04-29,1279.3734560867854,765.9711849738221,765.9711849738221,513.4022711129633,0.0,0.5987080483260104,1.0
2024-04-30,1204.0026307260157,661.7118179920686,661.7118179920686,542.2908127339471,0.0,0.5495933323609561,1.0
2024-05-01,1264.4369073518742,665.821394975952,665.821394975952,598.6155123759222,0.0,0.5265754195441747,1.0
2024-05-02,1257.4702315954346,674.4654384301593,674.4654384301593,583.0047931652753,0.0,0.5363669226383363,1.0
2024-05-03,1292.5372365025526,659.4129988269439,659.4129988269439,633.1242376756087,0.0,0.5101694405425677,1.0
2024-05-04,1238.616334735346,629.6309434129126,629.6309434129126,608.9853913224334,0.0,0.5083341190938235,1.0
2024-05-05,1326.4936193014453,618.0738550000409,618.0738550000409,708.4197643014044,0.0,0.46594559220385046,1.0
2024-05-06,1250.4663320935438,674.4605516926283,674.4605516926283,576.0057804009155,0.0,0.5393672219574592,1.0
2024-05-07,1376.2513467688716,657.2210723785402,657.2210723785402,719.0302743903314,0.0,0.4775443627514315,1.0
2024-05-08,1381.2551832230115,638.20860617291,638.20860617291,743.0465770501015,0.0,0.4620497457129669,1.0
2024-05-09,1340.7938044065395,629.8240765731448,629.8240765731448,710.9697278333947,0.0,0.46973969785899833,1.0
2024-05-10,1314.9533958658337,630.0064667762771,630.0064667762771,684.9469290895566,0.0,0.47910935000205696,1.0
2024-05-11,1351.3693779873176,655.1362729756388,655.1362729756388,696.2331050116788,0.0,0.4847943749853026,1.0
2024-05-12,1331.299700269922,615.2225258265632,615.2225258265632,716.0771744433587,0.0,0.46212173389795436,1.0
2024-05-13,1370.558566058318,600.1913994881287,600.1913994881287,770.3671665701894,0.0,0.4379173676716783,1.0
2024-05-14,1495.8698176834264,600.0253948707647,600.0253948707647,895.8444228126617,0.0,0.4011213995880951,1.0
2024-05-15,1339.3423380616964,615.734525456292,615.734525456292,723.6078126054044,0.0,0.45972900875170297,1.0
2024-05-16,1451.6439833374297,588.9904136301778,588.9904136301778,862.6535697072519,0.0,0.4057402644111459,1.0
2024-05-17,1443.3340583199804,581.930620384057,581.930620384057,861.4034379359234,0.0,0.40318498481315934,1.0
2024-05-18,1477.1786984347943,573.9685273564621,573.9685273564621,903.2101710783322,0.0,0.3885572733783896,1.0
2024-05-19,1463.337459406433,550.9982390016492,550.9982390016492,912.3392204047839,0.0,0.37653532031165804,1.0
2024-05-20,1423.049596262335,565.6032965309679,565.6032965309679,857.446299731367,0.0,0.39745859737885103,1.0
2024-05-21,1518.2801234051685,546.5348576692086,546.5348576692086,971.74526573596,0.0,0.359969711283219,1.0
2024-05-22,1579.507369639788,567.3923317191934,567.3923317191934,1012.1150379205947,0.0,0.3592210727377544,1.0
2024-05-23,1490.9565467394525,521.0194012935415,521.0194012935415,969.937145445911,0.0,0.3494531094369919,1.0
2024-05-24,1532.690088834945,562.3948362982472,562.3948362982472,970.2952525366978,0.0,0.3669331722016579,1.0
2024-05-25,1533.4806355834166,550.565541024133,550.565541024133,982.9150945592836,0.0,0.3590299924554763,1.0
2024-05-26,1573.2342566505695,527.729607313231,527.729607313231,1045.5046493373384,0.0,0.3354424842214994,1.0
2024-05-27,1577.0736790829678,468.5896464728894,468.5896464728894,1108.4840326100784,0.0,0.29712603329057113,1.0
2024-05-28,1654.5255959886601,487.5320130447575,487.5320130447575,1166.9935829439028,0.0,0.29466574238969884,1.0
2024-05-29,1582.946978038266,469.86867417955744,469.86867417955744,1113.0783038587085,0.0,0.296831593665798,1.0
2024-05-30,1577.4752859416385,580.4041193872768,580.4041193872768,997.0711665543618,0.0,0.3679323058559472,1.0
2024-05-31,1573.8657691558708,489.78528277768515,489.78528277768515,1084.0804863781857,0.0,0.311198891529598,1.0
2024-06-01,1586.0825705935501,520.1300723564906,520.1300723564906,1065.9524982370594,0.0,0.3279337923509527,1.0
2024-06-02,1586.9071780110653,502.8944500166948,502.8944500166948,1084.0127279943704,0.0,0.31690224670039785,1.0
2024-06-03,1678.7053211463679,491.3386631122471,491.3386631122471,1187.3666580341207,0.0,0.2926890484726157,1.0
2024-06-04,1648.19048587778,477.07170031125435,477.07170031125435,1171.1187855665257,0.0,0.2894517984413551,1.0
2024-06-05,1638.0431382908864,473.33422431434167,473.33422431434167,1164.7089139765449,0.0,0.2889632227929068,1.0
2024-06-06,1643.5349363282155,464.1707243650452,464.1707243650452,1179.3642119631704,0.0,0.2824221828846782,1.0
2024-06-07,1620.775139793584,450.66371791352117,450.66371791352117,1170.1114218800628,0.0,0.27805443633033267,1.0
2024-06-08,1655.6451114032543,528.3850570831905,528.3850570831905,1127.2600543200638,0.0,0.3191414956284646,1.0
2024-06-09,1719.1714062233762,457.918169915526,457.918169915526,1261.25323630785,0.0,0.2663598104632666,1.0
2024-06-10,1705.9329412845484,460.8381446794151,460.8381446794151,1245.0947966051333,0.0,0.27013848758463455,1.0
2024-06-11,1699.142652869183,448.19942318523493,448.19942318523493,1250.943229683948,0.0,0.2637797494097406,1.0
2024-06-12,1699.4506177167534,464.674892179347,464.674892179347,1234.7757255374063,0.0,0.27342653404289397,1.0
2024-06-13,1787.3229862549022,403.8632358947138,403.8632358947138,1383.4597503601883,0.0,0.2259598511296246,1.0
2024-06-14,1668.8456025057305,434.9985694091397,434.9985694091397,1233.8470330965908,0.0,0.26065836693100913,1.0
2024-06-15,1742.6849276602359,467.31060290105466,467.31060290105466,1275.3743247591813,0.0,0.2681555314353211,1.0
2024-06-16,1730.3772845621183,428.0231211131882,428.0231211131882,1302.3541634489302,0.0,0.24735826396467164,1.0
2024-06-17,1746.794646754346,490.501813769782,490.501813769782,1256.292832984564,0.0,0.2808010745173539,1.0
2024-06-18,1743.8929471132615,492.1307336211885,492.1307336211885,1251.762213492073,0.0,0.28220237626158934,1.0
2024-06-19,1693.291230544437,444.6606930827104,444.6606930827104,1248.6305374617266,0.0,0.26260142677272386,1.0
2024-06-20,1744.1007538663134,464.31458879417966,464.31458879417966,1279.7861650721338,0.0,0.26622004936635085,1.0
2024-06-21,1648.514628282867,439.5240781074225,439.5240781074225,1208.9905501754447,0.0,0.26661824564167896,1.0
2024-06-22,1740.8016710366426,432.0788624982124,432.0788624982124,1308.7228085384302,0.0,0.24820682889217968,1.0
2024-06-23,1851.9021828319937,368.17614440779556,368.17614440779556,1483.7260384241981,0.0,0.19880971458479935,1.0
2024-06-24,1691.654211643072,375.5777995641476,375.5777995641476,1316.0764120789242,0.0,0.22201806786468256,1.0
2024-06-25,1795.1513928048576,421.33527647672094,421.33527647672094,1373.8161163281366,0.0,0.2347073779768514,1.0
2024-06-26,1742.644941068154,439.6842926053163,439.6842926053163,1302.9606484628375,0.0,0.25230859267052524,1.0
2024-06-27,1787.1144637637433,430.34829851839515,430.34829851839515,1356.766165245348,0.0,0.240806231074904,1.0
2024-06-28,1723.1862000377507,388.5201809216879,388.5201809216879,1334.666019116063,0.0,0.2254661631535677,1.0
2024-06-29,1757.6441771034645,393.834366858003,393.834366858003,1363.8098102454614,0.0,0.22406945159231725,1.0
2024-06-30,1778.322387262979,407.2367500818845,407.2367500818845,1371.0856371810944,0.0,0.22900051925267823,1.0
2024-07-01,1805.7240170945045,402.04253976514843,402.04253976514843,1403.681477329356,0.0,0.22264894078999622,1.0
2024-07-02,1714.2074930596514,418.7645793259672,418.7645793259672,1295.4429137336842,0.0,0.24429048468253017,1.0
2024-07-03,1814.3440500178729,394.7531519276312,394.7531519276312,1419.5908980902416,0.0,0.21757348167991764,1.0
2024-07-04,1767.0813415735759,436.464883793642,436.464883793642,1330.6164577799339,0.0,0.24699761891264865,1.0
2024-07-05,1790.6972665766527,429.86364825770374,429.86364825770374,1360.833618318949,0.0,0.24005378032406963,1.0
2024-07-06,1815.992097987824,442.4869634440196,442.4869634440196,1373.5051345438046,0.0,0.24366128241103524,1.0
2024-07-07,1770.6408910104672,426.63014217471664,426.63014217471664,1344.0107488357505,0.0,0.24094673535481714,1.0
2024-07-08,1763.4017067476539,395.5822072513149,395.5822072513149,1367.819499496339,0.0,0.22432903730194897,1.0
2024-07-09,1792.868497156302,432.5440522864815,432.5440522864815,1360.3244448698206,0.0,0.24125810285168525,1.0
2024-07-10,1794.7719203415993,402.7205826927716,402.7205826927716,1392.0513376488277,0.0,0.22438538185739038,1.0
2024-07-11,1940.1512988914878,385.3228300929173,385.3228300929173,1554.8284687985706,0.0,0.19860452651969607,1.0
2024-07-12,1886.3271253183361,338.4274504090425,338.4274504090425,1547.8996749092937,0.0,0.17941079564973628,1.0
2024-07-13,1817.2930254666082,381.90787431010926,381.90787431010926,1435.385151156499,0.0,0.21015206076194046,1.0
2024-07-14,1790.4948637507991,390.4673966501431,390.4673966501431,1400.027467100656,0.0,0.21807792055441957,1.0
2024-07-15,1731.5427377925853,453.83419451132795,453.83419451132795,1277.7085432812573,0.0,0.2620981767333605,1.0
2024-07-16,1744.841143046602,432.42919942307407,432.42919942307407,1312.4119436235278,0.0,0.24783299106990658,1.0
2024-07-17,1751.5090556826135,406.81989594889615,406.81989594889615,1344.6891597337174,0.0,0.23226822300975586,1.0
2024-07-18,1788.2491167766125,434.80971043751,434.80971043751,1353.4394063391026,0.0,0.24314828753908244,1.0
2024-07-19,1865.1173440565212,423.13317015958495,423.13317015958495,1441.9841738969362,0.0,0.2268667821399886,1.0
2024-07-20,1808.6010057493834,418.9578538078944,418.9578538078944,1389.643151941489,0.0,0.23164747364181723,1.0
2024-07-21,1682.5428702722331,414.1739992470146,414.1739992470146,1268.3688710252186,0.0,0.24615955204755158,1.0
2024-07-22,1784.3817655766004,378.0995762177474,378.0995762177474,1406.282189358853,0.0,0.21189388028495648,1.0
2024-07-23,1891.712900898994,365.401367589197,365.401367589197,1526.311533309797,0.0,0.19315899754954793,1.0
2024-07-24,1834.4235657911743,420.9747328444256,420.9747328444256,1413.4488329467486,0.0,0.2294861125286853,1.0
2024-07-25,1789.4050735615065,405.5866684491033,405.5866684491033,1383.818405112403,0.0,0.22666006397414085,1.0
2024-07-26,1779.4648300660765,388.18453089263807,388.18453089263807,1391.2802991734384,0.0,0.21814678454657835,1.0
2024-07-27,1733.1708250992554,461.0107729177114,461.0107729177114,1272.160052181544,0.0,0.26599269168479694,1.0
2024-07-28,1762.527790718915,365.6571143805863,365.6571143805863,1396.8706763383286,0.0,0.207461758223647,1.0
2024-07-29,1728.3821922602006,436.9126207267228,436.9126207267228,1291.4695715334778,0.0,0.25278704136344604,1.0
2024-07-30,1815.27324511885,392.3719347201205,392.3719347201205,1422.9013103987295,0.0,0.2161503430820582,1.0
2024-07-31,1725.4005385214784,438.6719522691718,438.6719522691718,1286.7285862523067,0.0,0.2542435466289331,1.0
2024-08-01,1700.5544474366036,376.8014673091439,376.8014673091439,1323.7529801274598,0.0,0.22157565603214302,1.0
2024-08-02,1714.8815796000754,412.9619407349017,412.9619407349017,1301.9196388651737,0.0,0.24081076247329442,1.0
2024-08-03,1779.0892738462155,431.27925885116946,431.27925885116946,1347.810014995046,0.0,0.2424157489965561,1.0
2024-08-04,1735.9240986459229,363.5177664480127,363.5177664480127,1372.4063321979102,0.0,0.20940879081727615,1.0
2024-08-05,1740.0439847994737,449.9513554886726,449.9513554886726,1290.0926293108012,0.0,0.25858619633717245,1.0
2024-08-06,1726.3127036005915,415.073365497871,415.073365497871,1311.2393381027205,0.0,0.24043926956694892,1.0
2024-08-07,1743.3580826395994,454.7766336443691,454.7766336443691,1288.5814489952304,0.0,0.2608624345010044,1.0
2024-08-08,1740.3454633352283,437.19173837620167,437.19173837620167,1303.1537249590265,0.0,0.25120974403458946,1.0
2024-08-09,1780.9789179695126,410.08759142414067,410.08759142414067,1370.891326545372,0.0,0.23025965511802912,1.0
2024-08-10,1667.694164273318,465.9066221763751,465.9066221763751,1201.7875420969428,0.0,0.2793717410286613,1.0
2024-08-11,1705.2802472900307,481.52387849904943,481.52387849904943,1223.7563687909812,0.0,0.2823722841241313,1.0
2024-08-12,1632.0239465149814,417.68639629802556,417.68639629802556,1214.3375502169558,0.0,0.2559315365377767,1.0
2024-08-13,1659.5173480228932,478.7409573369855,478.7409573369855,1180.7763906859077,0.0,0.28848204443740544,1.0
2024-08-14,1661.8409944379816,426.41486463982255,426.41486463982255,1235.426129798159,0.0,0.25659185569918613,1.0
2024-08-15,1697.7320854115383,488.76801404711347,488.76801404711347,1208.9640713644249,0.0,0.28789466739013403,1.0
2024-08-16,1683.7663186043078,445.75746258108006,445.75746258108006,1238.0088560232277,0.0,0.2647383176963495,1.0
2024-08-17,1680.7488232104372,475.8276694386882,475.8276694386882,1204.921153771749,0.0,0.28310456795667943,1.0
2024-08-18,1723.8058890988652,453.3374638563647,453.3374638563647,1270.4684252425004,0.0,0.26298637608979913,1.0
2024-08-19,1685.727918511327,490.3032419700006,490.3032419700006,1195.4246765413263,0.0,0.2908555031840425,1.0
2024-08-20,1667.4875031668066,466.2671623066865,466.2671623066865,1201.2203408601201,0.0,0.2796225827307106,1.0
2024-08-21,1707.6557835888389,465.51897050847697,465.51897050847697,1242.136813080362,0.0,0.27260702946242144,1.0
2024-08-22,1676.2154881017143,477.2172846329178,477.2172846329178,1198.9982034687964,0.0,0.28469924542539476,1.0
2024-08-23,1683.7514273211225,457.6155155060593,457.6155155060593,1226.135911815063,0.0,0.2717832977484886,1.0
2024-08-24,1603.043762788894,553.2375328241803,553.2375328241803,1049.8062299647136,0.0,0.3451169242327395,1.0
2024-08-25,1648.6786789050666,483.98386536702293,483.98386536702293,1164.6948135380437,0.0,0.2935586367189816,1.0
2024-08-26,1586.2573915608507,524.8092467208253,524.8092467208253,1061.4481448400254,0.0,0.33084747123190505,1.0
2024-08-27,1642.5207398976813,473.64789125272307,473.64789125272307,1168.8728486449581,0.0,0.2883664600072133,1.0
2024-08-28,1549.5021580360772,519.0297962879537,519.0297962879537,1030.4723617481236,0.0,0.33496552011634506,1.0
2024-08-29,1483.2579091275984,614.5617397802152,614.5617397802152,868.6961693473831,0.0,0.41433235312507416,1.0
2024-08-30,1557.0176806792313,482.6352905715741,482.6352905715741,1074.382390107657,0.0,0.3099741875513128,1.0
2024-08-31,1586.3269171792253,540.8252445400267,540.8252445400267,1045.5016726391987,0.0,0.34092924899850485,1.0
2024-09-01,1582.9731157980427,581.2989634224624,581.2989634224624,1001.6741523755803,0.0,0.3672197320479479,1.0
2024-09-02,1548.5913008630914,562.5003150839879,562.5003150839879,986.0909857791036,0.0,0.3632335495947085,1.0
2024-09-03,1525.2935906227026,487.2380133195948,487.2380133195948,1038.0555773031078,0.0,0.3194388387357475,1.0
2024-09-04,1480.7038128824613,542.647910179842,542.647910179842,938.0559027026193,0.0,0.3664797142133905,1.0
2024-09-05,1482.7878678847444,540.4329712971239,540.4329712971239,942.3548965876205,0.0,0.36447086127570827,1.0
2024-09-06,1534.5162299024257,594.7978275433477,594.7978275433477,939.718402359078,0.0,0.3876126012568591,1.0
2024-09-07,1380.8258823685956,583.9695072024117,583.9695072024117,796.8563751661839,0.0,0.42291321060748177,1.0
2024-09-08,1426.6280652119644,543.5947527023911,543.5947527023911,883.0333125095733,0.0,0.381034669061852,1.0
2024-09-09,1368.7380099609563,597.9812395713684,597.9812395713684,770.7567703895879,0.0,0.4368850979658452,1.0
2024-09-10,1302.7830855411846,611.8015881632384,611.8015881632384,690.9814973779462,0.0,0.46961124607255095,1.0
2024-09-11,1417.5942761184695,542.1240483239862,542.1240483239862,875.4702277944832,0.0,0.3824253931162745,1.0
2024-09-12,1456.8640293586955,614.4315543722673,614.4315543722673,842.4324749864281,0.0,0.42174941654832204,1.0
2024-09-13,1427.5662766434755,617.6779661811258,617.6779661811258,809.8883104623496,0.0,0.43267901202697473,1.0
2024-09-14,1390.680570587694,585.9337277367699,585.9337277367699,804.7468428509242,0.0,0.4213287653031332,1.0
2024-09-15,1342.0099575674728,605.1248879623022,605.1248879623022,736.8850696051707,0.0,0.45090938748260223,1.0
2024-09-16,1238.4578309218111,599.5221021542991,599.5221021542991,638.935728767512,0.0,0.4840876186378197,1.0
2024-09-17,1322.245783139504,622.140974537198,622.140974537198,700.1048086023061,0.0,0.4705184032124523,1.0
2024-09-18,1230.1323753453962,686.8923893565226,686.8923893565226,543.2399859888736,0.0,0.5583890019670908,1.0
2024-09-19,1367.8169876949719,648.4619147464327,648.4619147464327,719.3550729485391,0.0,0.47408529107334213,1.0
2024-09-20,1354.251123214418,660.8823691823567,660.8823691823567,693.3687540320612,0.0,0.48800577518717664,1.0
2024-09-21,1331.1919991039365,663.674936905852,663.674936905852,667.5170621980845,0.0,0.49855688537235093,1.0
2024-09-22,1287.9644238538838,689.5145517066537,689.5145517066537,598.44987214723,0.0,0.5353521719516667,1.0
2024-09-23,1266.1688230203524,625.1243366621512,625.1243366621512,641.0444863582012,0.0,0.49371325947748673,1.0
2024-09-24,1242.6910171978707,643.823657487414,643.823657487414,598.8673597104566,0.0,0.5180882846801005,1.0
2024-09-25,1282.8191704900003,687.9257242077477,687.9257242077477,594.8934462822525,0.0,0.5362608698348184,1.0
2024-09-26,1222.0563564272818,716.0700496558759,716.0700496558759,505.9863067714059,0.0,0.585955014177356,1.0
2024-09-27,1222.7641734768029,687.6114969661757,687.6114969661757,535.1526765106272,0.0,0.5623418741579775,1.0
2024-09-28,1188.797489446145,691.8160425291666,691.8160425291666,496.98144691697837,0.0,0.5819460830553069,1.0
2024-09-29,1233.3993914005853,680.1167528700648,680.1167528700648,553.2826385305204,0.0,0.5514164816457052,1.0
2024-09-30,1137.7885919742243,733.107998178179,733.107998178179,404.6805937960454,0.0,0.6443270774108684,1.0
2024-10-01,1128.6836509448333,743.3280047165841,743.3280047165841,385.35564622824916,0.0,0.6585795799330807,1.0
2024-10-02,1190.8583908798114,732.1883354555463,732.1883354555463,458.6700554242651,0.0,0.6148408081624234,1.0
2024-10-03,1042.3508364734896,718.7669633511731,718.7669633511731,323.5838731223165,0.0,0.689563377512053,1.0
2024-10-04,1148.6730430571574,749.6302050238701,749.6302050238701,399.04283803328735,0.0,0.6526053776179449,1.0
2024-10-05,1121.2486541200974,706.6650014824949,706.6650014824949,414.58365263760254,0.0,0.6302482494724169,1.0
2024-10-06,1074.0427860579618,750.8124924090228,750.8124924090228,323.2302936489391,0.0,0.6990526840785506,1.0
2024-10-07,1050.0791819796543,832.0478748875026,832.0478748875026,218.03130709215168,0.0,0.7923667940153716,1.0
2024-10-08,1025.1547024880113,729.0618861703076,729.0618861703076,296.09281631770364,0.0,0.711172552202026,1.0
2024-10-09,1088.36441790329,752.999495495026,752.999495495026,335.36492240826385,0.0,0.6918633897878277,1.0
2024-10-10,1025.4017627125222,805.0017201698566,805.0017201698566,220.40004254266557,0.0,0.7850598169837005,1.0
2024-10-11,1077.6094264826918,816.0701284404762,816.0701284404762,261.5392980422156,0.0,0.7572967611318345,1.0
2024-10-12,1039.3474380638734,853.0621679388864,853.0621679388864,186.28527012498694,0.0,0.8207670858630252,1.0
2024-10-13,914.2225457350422,772.2437859857549,772.2437859857549,141.9787597492873,0.0,0.8447000017538013,1.0
2024-10-14,1006.7980940793201,761.822996699341,761.822996699341,244.97509737997905,0.0,0.7566790215231786,1.0
2024-10-15,952.1420379529641,803.4828736882515,803.4828736882515,148.65916426471256,0.0,0.8438687104034195,1.0
2024-10-16,887.2336300256177,814.9845629415696,814.9845629415696,72.24906708404808,0.0,0.9185681599084989,1.0
2024-10-17,935.9386163629936,848.9399814232249,848.9399814232249,86.99863493976864,0.0,0.9070466444927333,1.0
2024-10-18,1047.9799756568007,864.0476219812585,864.0476219812585,183.93235367554212,0.0,0.8244886754059721,1.0
2024-10-19,950.0047254278342,857.8925590058652,857.8925590058652,92.11216642196894,0.0,0.9030403071095396,1.0
2024-10-20,1000.3676828479272,814.8083249467584,814.8083249467584,185.55935790116882,0.0,0.814508844015329,1.0
2024-10-21,897.5024032858153,882.3597694268251,882.3597694268251,15.142633858990166,0.0,0.9831280297372442,1.0
2024-10-22,787.8371796605437,843.524487256806,787.8371796605437,0.0,55.68730759626226,1.0,0.9339825832711024
2024-10-23,814.9057348881994,901.6742652658502,814.9057348881994,0.0,86.76853037765079,1.0,0.9037695388233489
2024-10-24,845.6419834364137,889.3581681938878,845.6419834364137,0.0,43.716184757474025,1.0,0.950845242871887
2024-10-25,808.4388939163398,896.3432336310906,808.4388939163398,0.0,87.90433971475079,1.0,0.9019300459728469
2024-10-26,903.6286118055598,914.2941717746888,903.6286118055598,0.0,10.665559969129049,1.0,0.988334651692653
2024-10-27,795.3805879557608,915.4611798929045,795.3805879557608,0.0,120.08059193714371,1.0,0.8688304926799939
2024-10-28,690.3410408506256,891.8477559565142,690.3410408506256,0.0,201.5067151058886,1.0,0.774057047562147
2024-10-29,768.5520933416019,879.9679204031502,768.5520933416019,0.0,111.41582706154827,1.0,0.8733864900319275
2024-10-30,700.7215048318097,948.9908978916174,700.7215048318097,0.0,248.2693930598076,1.0,0.7383859069550717
2024-10-31,611.4137219799026,960.543523495126,611.4137219799026,0.0,349.12980151522345,1.0,0.6365289099604293
2024-11-01,754.1928566178447,917.9496125298477,754.1928566178447,0.0,163.7567559120031,1.0,0.8216059425520174
2024-11-02,738.2987868956337,921.1156369612896,738.2987868956337,0.0,182.8168500656559,1.0,0.8015267109472175
2024-11-03,710.0691531694491,948.5033806764842,710.0691531694491,0.0,238.43422750703508,1.0,0.7486205823146557
2024-11-04,666.997933852101,937.4998797994266,666.997933852101,0.0,270.50194594732557,1.0,0.7114645539952515
2024-11-05,668.0676024774465,937.7142906622904,668.0676024774465,0.0,269.6466881848439,1.0,0.7124425948607466
2024-11-06,632.3311686222854,952.2837479256583,632.3311686222854,0.0,319.9525793033729,1.0,0.6640154995815906
2024-11-07,589.3402654761047,1015.7980974780922,589.3402654761047,0.0,426.4578320019875,1.0,0.5801746104262762
2024-11-08,697.9208018607369,1048.2121079084213,697.9208018607369,0.0,350.29130604768443,1.0,0.6658202062303519
2024-11-09,679.1617819824905,987.5244181412899,679.1617819824905,0.0,308.3626361587993,1.0,0.6877417606146926
2024-11-10,579.6889419103824,1002.4427823406024,579.6889419103824,0.0,422.75384043022007,1.0,0.5782763386822611
2024-11-11,680.3138754137484,958.6143293952691,680.3138754137484,0.0,278.3004539815207,1.0,0.7096846505965716
2024-11-12,611.254542536384,1026.9368661356475,611.254542536384,0.0,415.68232359926355,1.0,0.5952211500951644
2024-11-13,510.0075452073368,1000.595981569454,510.0075452073368,0.0,490.5884363621172,1.0,0.5097037711538479
2024-11-14,599.9526468390169,1048.1761149423712,599.9526468390169,0.0,448.2234681033543,1.0,0.5723777123770869
2024-11-15,651.7510569155625,1035.8235522036698,651.7510569155625,0.0,384.07249528810735,1.0,0.6292105016621704
2024-11-16,475.2363384349458,981.7858794247705,475.2363384349458,0.0,506.5495409898247,1.0,0.48405293699415125
2024-11-17,619.7875050854365,1034.6903620476935,619.7875050854365,0.0,414.90285696225703,1.0,0.5990077107308241
2024-11-18,482.2840819797838,1050.8518367121135,482.2840819797838,0.0,568.5677547323296,1.0,0.4589458429161105
2024-11-19,550.0438521928157,1049.1873346155508,550.0438521928157,0.0,499.143482422735,1.0,0.5242570454725952
2024-11-20,565.1519680535638,1087.09475687432,565.1519680535638,0.0,521.9427888207562,1.0,0.5198736949836118
2024-11-21,436.6047619061983,1003.3803860736566,436.6047619061983,0.0,566.7756241674583,1.0,0.43513384152811996
2024-11-22,491.3769144839799,1070.574809935403,491.3769144839799,0.0,579.1978954514232,1.0,0.4589841923458192
2024-11-23,457.2431862108583,1097.1314719059928,457.2431862108583,0.0,639.8882856951345,1.0,0.41676243724602313
2024-11-24,486.2796753049579,1075.742921586326,486.2796753049579,0.0,589.4632462813681,1.0,0.4520407855325451
2024-11-25,373.0400376959355,1086.5679898428223,373.0400376959355,0.0,713.5279521468867,1.0,0.3433195540298382
2024-11-26,416.98649652464064,1062.3792321994956,416.98649652464064,0.0,645.392735674855,1.0,0.3925024924116157
2024-11-27,382.81430820624973,1097.6853949012245,382.81430820624973,0.0,714.8710866949748,1.0,0.3487468358278534
2024-11-28,384.9517865466654,1109.4794690097501,384.9517865466654,0.0,724.5276824630847,1.0,0.3469661199681762
2024-11-29,357.64366659425224,1153.1309388449965,357.64366659425224,0.0,795.4872722507444,1.0,0.3101500918468779
2024-11-30,378.1092571822438,1142.8180150632477,378.1092571822438,0.0,764.7087578810039,1.0,0.33085692752342366
2024-12-01,318.54687342633304,1090.3761670630442,318.54687342633304,0.0,771.8292936367112,1.0,0.29214401694448905
2024-12-02,263.68420890802497,1121.2798375235125,263.68420890802497,0.0,857.5956286154875,1.0,0.23516360509112935
2024-12-03,414.3122106170138,1139.2166780448101,414.3122106170138,0.0,724.9044674277964,1.0,0.36368165828477905
2024-12-04,425.64553919998264,1135.4937906119346,425.64553919998264,0.0,709.848251411952,1.0,0.37485501261138193
2024-12-05,346.3811224885794,1138.9680231422979,346.3811224885794,0.0,792.5869006537184,1.0,0.304118390903503
2024-12-06,372.40086812851564,1152.2740103998917,372.40086812851564,0.0,779.8731422713761,1.0,0.32318777024162465
2024-12-07,291.5637312537156,1168.2039455599106,291.5637312537156,0.0,876.640214306195,1.0,0.24958290233643365
2024-12-08,338.1752121314063,1130.5515596221314,338.1752121314063,0.0,792.3763474907252,1.0,0.29912409500760484
2024-12-09,343.84373258959766,1119.078228701331,343.84373258959766,0.0,775.2344961117333,1.0,0.3072562076277918
2024-12-10,325.1669830125092,1142.7807236638591,325.1669830125092,0.0,817.6137406513499,1.0,0.2845401364226675
2024-12-11,219.94989129474322,1172.493842009063,219.94989129474322,0.0,952.5439507143197,1.0,0.18759151085847928
2024-12-12,323.1502149289132,1153.3225730818253,323.1502149289132,0.0,830.1723581529121,1.0,0.28019066172043655
2024-12-13,263.0055627058564,1107.8943965479027,263.0055627058564,0.0,844.8888338420463,1.0,0.23739226728229476
2024-12-14,287.3473378052336,1159.4645239326208,287.3473378052336,0.0,872.1171861273872,1.0,0.24782762376430592
2024-12-15,317.43777955535194,1138.9002241187736,317.43777955535194,0.0,821.4624445634217,1.0,0.2787230811206224
2024-12-16,270.7115749704125,1124.6931873048827,270.7115749704125,0.0,853.9816123344701,1.0,0.24069815486223606
2024-12-17,299.6288908772352,1133.8230708325082,299.6288908772352,0.0,834.194179955273,1.0,0.2642642389144834
2024-12-18,246.87598078445632,1153.6238474851264,246.87598078445632,0.0,906.7478667006701,1.0,0.21400041384602123
2024-12-19,212.73991522475504,1194.3786371894153,212.73991522475504,0.0,981.6387219646602,1.0,0.17811764929534388
2024-12-20,245.1196700541969,1159.9538699463549,245.1196700541969,0.0,914.834199892158,1.0,0.2113184639536856
2024-12-21,310.6894821037288,1184.9097125525852,310.6894821037288,0.0,874.2202304488565,1.0,0.26220519488731986
2024-12-22,320.7481764387364,1177.4307085038167,320.7481764387364,0.0,856.6825320650803,1.0,0.27241363260035667
2024-12-23,335.471266625889,1196.2535356065382,335.471266625889,0.0,860.7822689806492,1.0,0.280434921729025
2024-12-24,191.7948722780985,1149.129348734163,191.7948722780985,0.0,957.3344764560644,1.0,0.1669045112191873
2024-12-25,258.2037130395069,1149.7526658929892,258.2037130395069,0.0,891.5489528534822,1.0,0.22457326753747112
2024-12-26,271.6913141402248,1173.2619070775954,271.6913141402248,0.0,901.5705929373706,1.0,0.23156919397218279
2024-12-27,283.3772229028793,1174.3695346005193,283.3772229028793,0.0,890.9923116976399,1.0,0.24130157889294584
2024-12-28,313.9311234893163,1154.2428385112075,313.9311234893163,0.0,840.3117150218912,1.0,0.271980135388354
2024-12-29,269.0064824822945,1231.0459656140445,269.0064824822945,0.0,962.03948313175,1.0,0.2185186337442033
2024-12-30,220.83041422941616,1154.730328776048,220.83041422941616,0.0,933.8999145466319,1.0,0.19123981480895588
2024-12-31,252.3760837918291,1206.0001240626675,252.3760837918291,0.0,953.6240402708383,1.0,0.2092670462932016
2025-01-01,181.8382259568417,1181.8913253142575,181.8382259568417,0.0,1000.0530993574158,1.0,0.15385359217226852
2025-01-02,205.4356960355757,1161.521078689465,205.4356960355757,0.0,956.0853826538893,1.0,0.17686781566406626
2025-01-03,210.23751763537857,1154.7458639210645,210.23751763537857,0.0,944.5083462856859,1.0,0.18206388453429426
2025-01-04,161.84930579309864,1213.8251430241824,161.84930579309864,0.0,1051.9758372310837,1.0,0.1333382379852995
2025-01-05,32.06872390845038,1210.9377601251033,32.06872390845038,0.0,1178.8690362166528,1.0,0.02648255340979484
2025-01-06,211.35749709378845,1188.4117330778251,211.35749709378845,0.0,977.0542359840367,1.0,0.17784871287529383
2025-01-07,227.65907632047694,1171.9917495877564,227.65907632047694,0.0,944.3326732672795,1.0,0.19424972607576388
2025-01-08,195.69990506289284,1250.0979841585604,195.69990506289284,0.0,1054.3980790956675,1.0,0.15654765269829488
2025-01-09,236.50000967396693,1220.62577431309,236.50000967396693,0.0,984.1257646391231,1.0,0.19375308522143722
2025-01-10,212.81021620918636,1151.5013119125458,212.81021620918636,0.0,938.6910957033595,1.0,0.18481109314215777
2025-01-11,111.88229695242686,1175.469534621984,111.88229695242686,0.0,1063.587237669557,1.0,0.09518094145111705
2025-01-12,189.1341914857115,1211.1337315422973,189.1341914857115,0.0,1021.9995400565857,1.0,0.15616292946020244
2025-01-13,215.75679003718557,1213.7349423525638,215.75679003718557,0.0,997.9781523153783,1.0,0.17776269143161313
2025-01-14,248.9834619454923,1191.4000924613495,248.9834619454923,0.0,942.4166305158572,1.0,0.20898392028081
2025-01-15,227.1021805785913,1173.1227038291834,227.1021805785913,0.0,946.0205232505921,1.0,0.1935877464798084
2025-01-16,279.636945741866,1220.685463352606,279.636945741866,0.0,941.04851761074,1.0,0.22908190040524007
2025-01-17,192.19296123899807,1219.7170439439917,192.19296123899807,0.0,1027.5240827049936,1.0,0.1575717599366623
2025-01-18,299.0386791212324,1203.3999140288115,299.0386791212324,0.0,904.361234907579,1.0,0.24849484833357974
2025-01-19,226.84217685687992,1176.618610017947,226.84217685687992,0.0,949.7764331610672,1.0,0.19279159357629053
2025-01-20,137.1521866818905,1198.0754759648926,137.1521866818905,0.0,1060.923289283002,1.0,0.1144770838176388
2025-01-21,246.44085740423824,1174.3805712808019,246.44085740423824,0.0,927.9397138765636,1.0,0.20984752594762798
2025-01-22,162.39242999782564,1211.090681777514,162.39242999782564,0.0,1048.6982517796882,1.0,0.13408775448547156
2025-01-23,166.06894458597571,1195.8970369866752,166.06894458597571,0.0,1029.8280924006995,1.0,0.13886558746263208
2025-01-24,282.9446896075724,1169.266458381178,282.9446896075724,0.0,886.3217687736055,1.0,0.2419847824928654
2025-01-25,209.9751079196091,1196.2435830129207,209.9751079196091,0.0,986.2684750933116,1.0,0.17552872249542603
2025-01-26,206.87545186549983,1185.5147517093103,206.87545186549983,0.0,978.6392998438105,1.0,0.17450263825669032
2025-01-27,222.90539081212398,1129.3483401576561,222.90539081212398,0.0,906.4429493455322,1.0,0.19737523214582894
2025-01-28,231.61216948267023,1178.9486373058212,231.61216948267023,0.0,947.336467823151,1.0,0.19645653945701932
2025-01-29,205.3638467803235,1175.2238731459377,205.3638467803235,0.0,969.8600263656142,1.0,0.17474444782217396
2025-01-30,286.11843003699596,1170.094709856462,286.11843003699596,0.0,883.9762798194661,1.0,0.24452587267238796
2025-01-31,258.627633866844,1169.8640090231333,258.627633866844,0.0,911.2363751562893,1.0,0.22107495561198157
2025-02-01,247.70996406612238,1161.915846271901,247.70996406612238,0.0,914.2058822057786,1.0,0.2131909680558359
2025-02-02,235.57415189138044,1166.007306768326,235.57415189138044,0.0,930.4331548769457,1.0,0.20203488479355358
2025-02-03,195.71142385119848,1200.2184186974812,195.71142385119848,0.0,1004.5069948462827,1.0,0.16306317317108943
2025-02-04,307.9503384836391,1199.8946990627287,307.9503384836391,0.0,891.9443605790896,1.0,0.2566478031148797
2025-02-05,278.2092443954525,1233.3769994964498,278.2092443954525,0.0,955.1677551009973,1.0,0.22556707682163432
2025-02-06,222.22629901003017,1189.2461532069071,222.22629901003017,0.0,967.019854196877,1.0,0.18686316403948616
2025-02-07,339.81882377377826,1176.8020678011528,339.81882377377826,0.0,836.9832440273746,1.0,0.28876463856723805
2025-02-08,324.594989179173,1120.2456987140847,324.594989179173,0.0,795.6507095349117,1.0,0.2897533903069401
2025-02-09,383.0766906287455,1178.1070483528028,383.0766906287455,0.0,795.0303577240574,1.0,0.32516288835072577
2025-02-10,423.3070384847683,1169.8168085539482,423.3070384847683,0.0,746.5097700691799,1.0,0.361857545035648
2025-02-11,337.5944438852948,1141.0593109505862,337.5944438852948,0.0,803.4648670652914,1.0,0.29586055750603696
2025-02-12,349.60624458081816,1112.1167431533759,349.60624458081816,0.0,762.5104985725577,1.0,0.31436110168570924
2025-02-13,347.5299891408124,1146.8660530562681,347.5299891408124,0.0,799.3360639154557,1.0,0.3030257877235832
2025-02-14,311.2841964170458,1153.1530150985998,311.2841964170458,0.0,841.868818681554,1.0,0.2699417963976182
2025-02-15,374.453149532476,1055.3844390223042,374.453149532476,0.0,680.9312894898281,1.0,0.35480260622315507
2025-02-16,386.7432461039375,1160.4717068903035,386.7432461039375,0.0,773.728460786366,1.0,0.3332638303955612
2025-02-17,380.7033827644815,1129.843363330993,380.7033827644815,0.0,749.1399805665116,1.0,0.33695235562750536
2025-02-18,386.99055832798865,1099.809141713076,386.99055832798865,0.0,712.8185833850874,1.0,0.35187065068872536
2025-02-19,427.8460919720993,1097.9389441216174,427.8460919720993,0.0,670.0928521495181,1.0,0.38968113323859593
2025-02-20,416.3171745948517,1059.886392862209,416.3171745948517,0.0,643.5692182673574,1.0,0.3927941498244852
2025-02-21,424.19670984375153,1113.9262453766007,424.19670984375153,0.0,689.7295355328492,1.0,0.3808122051207595
2025-02-22,392.62263411851626,1069.9917092332755,392.62263411851626,0.0,677.3690751147592,1.0,0.3669398844219625
2025-02-23,417.29979350696306,1102.5614765064076,417.29979350696306,0.0,685.2616829994446,1.0,0.378482109523022
2025-02-24,392.2770543810595,1074.203719348938,392.2770543810595,0.0,681.9266649678784,1.0,0.36517938573031
2025-02-25,447.9520590320593,1039.3759518083114,447.9520590320593,0.0,591.423892776252,1.0,0.430981742701195
2025-02-26,430.8309007175182,1109.6963457694685,430.8309007175182,0.0,678.8654450519502,1.0,0.38824215503636544
2025-02-27,451.42645704501336,1054.5835450144511,451.42645704501336,0.0,603.1570879694377,1.0,0.4280613510225284
2025-02-28,433.8322219608886,1051.2422854208676,433.8322219608886,0.0,617.410063459979,1.0,0.4126852848077765
2025-03-01,462.97080052223845,1089.1081883566162,462.97080052223845,0.0,626.1373878343777,1.0,0.42509165340206206
2025-03-02,478.131318431011,1024.6333077191282,478.131318431011,0.0,546.5019892881172,1.0,0.4666365175023922
2025-03-03,597.0905224673072,1025.0485158420413,597.0905224673072,0.0,427.9579933747341,1.0,0.5824997678054471
2025-03-04,525.4347630646995,988.2221364606737,525.4347630646995,0.0,462.7873733959742,1.0,0.5316970179868149
2025-03-05,408.23795660711545,1094.232496208553,408.23795660711545,0.0,685.9945396014375,1.0,0.37308155078708993
2025-03-06,449.3213779648063,1000.7590489171308,449.3213779648063,0.0,551.4376709523245,1.0,0.4489805797419404
2025-03-07,547.5854912740099,981.4362123977488,547.5854912740099,0.0,433.85072112373894,1.0,0.5579430271236911
2025-03-08,523.2170584620122,1002.4794153280019,523.2170584620122,0.0,479.26235686598966,1.0,0.5219229945891911
2025-03-09,575.6912563413464,959.7867256667554,575.6912563413464,0.0,384.095469325409,1.0,0.5998116466357865
2025-03-10,584.0882363344999,1034.055092566793,584.0882363344999,0.0,449.96685623229314,1.0,0.5648521442746743
2025-03-11,603.6956776599136,1058.7023528646207,603.6956776599136,0.0,455.0066752047071,1.0,0.5702222877151855
2025-03-12,614.0101540665372,977.0000506722248,614.0101540665372,0.0,362.9898966056876,1.0,0.6284648129179395
2025-03-13,581.8565681959846,1046.7365005337156,581.8565681959846,0.0,464.879932337731,1.0,0.555876830414631
2025-03-14,667.0051884236643,971.6310356928468,667.0051884236643,0.0,304.6258472691825,1.0,0.6864799125606758
2025-03-15,605.4606178714787,981.1185360931522,605.4606178714787,0.0,375.6579182216735,1.0,0.6171126072925334
2025-03-16,713.6725411518337,1001.8404953697927,713.6725411518337,0.0,288.16795421795905,1.0,0.7123614432139795
2025-03-17,654.8579981315173,961.4052345205342,654.8579981315173,0.0,306.5472363890169,1.0,0.6811466950854536
2025-03-18,724.2431921444106,926.3122787718863,724.2431921444106,0.0,202.0690866274757,1.0,0.7818564092712008
2025-03-19,643.4307110172938,988.4821838832869,643.4307110172938,0.0,345.0514728659931,1.0,0.6509279797937821
2025-03-20,680.3678588564974,999.0568397687483,680.3678588564974,0.0,318.68898091225094,1.0,0.681010160557013
2025-03-21,672.9885397138726,978.3482951813268,672.9885397138726,0.0,305.3597554674542,1.0,0.6878823656447841
2025-03-22,753.4650146573467,966.5381772898987,753.4650146573467,0.0,213.073162632552,1.0,0.779550184732492
2025-03-23,773.1003111843819,902.3834984788723,773.1003111843819,0.0,129.2831872944904,1.0,0.8567314367866653
2025-03-24,726.667109648616,870.9491193272995,726.667109648616,0.0,144.2820096786835,1.0,0.8343393357006624
2025-03-25,725.7001172342648,909.8841003251133,725.7001172342648,0.0,184.18398309084853,1.0,0.7975742371747817
2025-03-26,780.7150105871128,906.7369893370433,780.7150105871128,0.0,126.02197874993044,1.0,0.8610159503451261
2025-03-27,788.9934966539863,950.197297180809,788.9934966539863,0.0,161.20380052682265,1.0,0.8303470226603393
2025-03-28,783.9560388061494,888.9573120497435,783.9560388061494,0.0,105.00127324359403,1.0,0.8818826598079453
2025-03-29,826.8883745161329,931.3611219453622,826.8883745161329,0.0,104.47274742922934,1.0,0.8878278844074853
2025-03-30,797.6536427808018,934.0950915358512,797.6536427808018,0.0,136.44144875504946,1.0,0.8539319497646534
2025-03-31,875.7260146868707,869.6264021648011,869.6264021648011,6.099612522069606,0.0,0.9930347935087316,1.0
2025-04-01,848.6359572370577,895.7929147449131,848.6359572370577,0.0,47.156957507855395,1.0,0.9473573001844027
2025-04-02,791.2266526600274,892.3945986203979,791.2266526600274,0.0,101.1679459603705,1.0,0.886633170890129
2025-04-03,853.7153044375154,846.7017438443437,846.7017438443437,7.013560593171746,0.0,0.9917846610495138,1.0
2025-04-04,917.8859566288246,858.7934646931569,858.7934646931569,59.09249193566768,0.0,0.9356210959445329,1.0
2025-04-05,879.5222960797961,878.2582294267318,878.2582294267318,1.264066653064333,0.0,0.9985627804335393,1.0
2025-04-06,863.0419023379355,835.8745872950071,835.8745872950071,27.167315042928408,0.0,0.9685214414626525,1.0
2025-04-07,952.7274811164915,797.8908398861992,797.8908398861992,154.83664123029234,0.0,0.8374806602105768,1.0
2025-04-08,822.9318387714352,844.4206919983096,822.9318387714352,0.0,21.488853226874426,1.0,0.974551958010383
2025-04-09,985.4807307364257,818.2095966267982,818.2095966267982,167.2711341096275,0.0,0.8302644294377731,1.0
2025-04-10,913.6191764334058,799.2510964864006,799.2510964864006,114.36807994700519,0.0,0.8748186521286951,1.0
2025-04-11,997.5984165387703,790.6447640752743,790.6447640752743,206.95365246349593,0.0,0.7925481345674801,1.0
2025-04-12,1084.4558066919894,755.1620411599459,755.1620411599459,329.2937655320435,0.0,0.696351143587384,1.0
